,antecedants,consequents,antecedent support,consequent support,support,confidence,lift,leverage,conviction
0,frozenset(['SWEETHEART CERAMIC TRINKET BOX']),frozenset(['STRAWBERRY CERAMIC TRINKET BOX']),0.0375286529132683,0.05727917266378805,0.02641398795244949,0.7038352272727273,12.28780365603452,0.024264377762391022,3.1830957431400155
2,frozenset(['RED HANGING HEART T-LIGHT HOLDER']),frozenset(['WHITE HANGING HEART T-LIGHT HOLDER']),0.04459192920731382,0.14009275547737085,0.03131830054906978,0.7023311416616856,5.013329484943517,0.025071294314365337,2.888804859611162
6,frozenset(['WOODEN PICTURE FRAME WHITE FINISH']),frozenset(['WOODEN FRAME ANTIQUE WHITE']),0.05208166746628285,0.053307745615437926,0.029052721360413668,0.5578300921187308,10.46433469805527,0.026276365079893234,2.1410146586428636
7,frozenset(['WOODEN FRAME ANTIQUE WHITE']),frozenset(['WOODEN PICTURE FRAME WHITE FINISH']),0.053307745615437926,0.05208166746628285,0.029052721360413668,0.5449999999999999,10.46433469805527,0.026276365079893234,2.083336994579598
4,frozenset(['HEART OF WICKER LARGE']),frozenset(['HEART OF WICKER SMALL']),0.05154859001012847,0.056026440641825256,0.02638733407964177,0.5118924508790073,9.136622726964127,0.02349925006126952,1.9339458302952437
8,frozenset(['JUMBO STORAGE BAG SUKI']),frozenset(['JUMBO BAG RED RETROSPOT']),0.05941148248840557,0.08129431206354283,0.02819979743056666,0.47465231045311795,5.838690289698387,0.02336998183299651,1.7487574538090203
3,frozenset(['HEART OF WICKER SMALL']),frozenset(['HEART OF WICKER LARGE']),0.056026440641825256,0.05154859001012847,0.02638733407964177,0.4709800190294957,9.136622726964125,0.02349925006126952,1.7928461005384082
5,frozenset(['JUMBO SHOPPER VINTAGE RED PAISLEY']),frozenset(['JUMBO BAG RED RETROSPOT']),0.05618636387867157,0.08129431206354283,0.02598752598752599,0.46252371916508545,5.689496687093664,0.02141989418865749,1.7092953134775393
1,frozenset(['STRAWBERRY CERAMIC TRINKET BOX']),frozenset(['SWEETHEART CERAMIC TRINKET BOX']),0.05727917266378805,0.0375286529132683,0.02641398795244949,0.4611447184737087,12.28780365603452,0.024264377762391022,1.7861406950685548
